ID,ID_PROCESO,TIMESTAMP,DATO_ALEATORIO
3646,3644,1759609368,DATA_3646_1759609368_2SiENKlp1023ewBqX17WXuQpDtTENlxD3TIE
3646,3645,1759609368,DATA_3646_1759609368_p8IYyXkCPhw1fVfa3pPKKqIKxQ2tdRqGNye-JCBYkxODGte9XtIhXQrIgh19yfDARh-bkBzIyBL5vp2GW_nuOS2v0ssmLwmdRm41nr9ZtJScyJiJHJ3Wb
3646,3645,1759609368,DATA_3646_1759609368_p8IYyXkCPhw1fVfa3pPKKqIKxQ2tdRqGNye-JCBYkxODGte9XtIhXQrIgh19yfDARh-bkBzIyBL5vp2GW_nuOS2v0ssmLwmdRm41nr9ZtJScyJiJHJ3Wb
3645,3646,1759609368,DATA_3645_1759609368_0g7_NsZWjuJSZX-x6cxE5aoQO5
3647,3644,1759609368,DATA_3647_1759609368_ttTikKAULqsBlCYUSBX-VbN6MQxgY19GjQoHbobmTHn4JAMbBjbW-oQL4BrR3pXa5-hUn876EizNi-pkjE6isLtkMZ1DCMd7L_Qz7Lt-tgMQg
3647,3644,1759609368,DATA_3647_1759609368_ttTikKAULqsBlCYUSBX-VbN6MQxgY19GjQoHbobmTHn4JAMbBjbW-oQL4BrR3pXa5-hUn876EizNi-pkjE6isLtkMZ1DCMd7L_Qz7Lt-tgMQg
3647,3645,1759609368,DATA_3647_1759609368_FPZx2lhcCzC6oplmDSvVuheQqmZh81PBEoy6NUXPHZJvDvVGBEbwm6AQgaycPBdTpPO3jlGq_QaB-vHA0jwadxq9LcZad
3646,3646,1759609368,DATA_3646_1759609368_U9B2xhxwudJEA3OTQlSBfvyjoNL5bEqvCsmzNXj81sA1jOIzzb0SKn1y0
3648,3644,1759609368,DATA_3648_1759609368_0D5ull5SKGr-JtMnpXl5KgE4fxYsB4h17bkgA
3648,3645,1759609368,DATA_3648_1759609368_tHF7_pgETfUtgTdoURLEro1VlAy_aP0IW5DUikZ2DtjjBA
3647,3646,1759609368,DATA_3647_1759609368_rPFW-HCl7P8eLxLMnuaviOKWgU9WHxXyBcIAkKlfah9lTIx63MpZa0v6ItQPenCfEKfoVEHvmEU5NGzEScdsQMmZ53oYeq3i1
3649,3644,1759609368,DATA_3649_1759609368_zKjeKtMWU1t5u4ayw5jIl
3649,3645,1759609368,DATA_3649_1759609368_VRWZ8_PSjPEhqTVyqP1_xZXncFLAGLLbdi0
3648,3646,1759609368,DATA_3648_1759609368_KKbR5BWN6jTtnlKERaQ4zKvciNGZw7w6FMM_NiMIFf1sF-w
3650,3644,1759609368,DATA_3650_1759609368_BHa8i_dicQt-u3s6NAv66
3650,3645,1759609368,DATA_3650_1759609368_gDrETvl9D7vtKkr7_DjaIuaO5mpWIdwohbs0LSxONg7XEmSCp1dxj3-ddozlGjOn-
3649,3646,1759609368,DATA_3649_1759609368_aAONK9psLwG7r21xCBvQj7YobNUgNE2nFF0PCe8NOCI54_q7-aLjVjLwwgQ9kHkpMZ5O31cF3k_vipqiD1FYYQJJwZGVgr_sE377sXAj7_Ten9AqzFDLVMUGlbbGGZ
3651,3644,1759609368,DATA_3651_1759609368_yUPiNzrzYs6yocxF_NVrMEi5_v5uqzLcHb-VOqImWCY_eJEcWZIjdqccaVKEJVgQwfl_Jtkfv9eNGiqd7yAZcc12x-66U
3651,3645,1759609368,DATA_3651_1759609368_bKMMYZsTww5Dzj4QUcHU5l8sKCQYpPTEZfQx58Ept9sgglw1B3J6cFmnI2-xFS2eyGPrDTUwRBQxmAmn3vhU1H79_6uDNki-rxquF_eW-u
3650,3646,1759609368,DATA_3650_1759609368_KRtF9EFhAD0erxeVkjYw4kE_KfZQlzCvEw0B05i09WSoIw9sTWcM6hKEAkUmXXVbHKc7D-wAVCodzmKG8mS2Hd7IBPuYmDztNP
3652,3644,1759609368,DATA_3652_1759609368_LF6wDEeojNlBbrjFIf3
3652,3645,1759609368,DATA_3652_1759609368_luuMldt5S10Pzv_28iY7NKl7PjZljHsI1aVb4CUK3Jaq4Yh065vIDUDS3d3akkja_4126JBySbcKz9_
3651,3646,1759609368,DATA_3651_1759609368_ROZRkb6BOgLVcynS5ENBFdvdDzQxAgaRuzjSOdUd9fyZRZrLe5MjW8BZvRKvxkBgXkymBGD_m1X3OCCs7PQRLRr6i1pUaq0xO
3653,3644,1759609368,DATA_3653_1759609368_4TktKWsEQAfbFaMJeqxB3WDSBmXKFOS9i3qsNWwd
3653,3645,1759609368,DATA_3653_1759609368_3t16B5N5WET6o2UnuJdpTebl53ws1uascPmdIzWe4qZggtHP3l4KDTv9Kfp-O
3652,3646,1759609368,DATA_3652_1759609368_XPtaNTPkKenNKica0nrfhOUKiu1WgD83TpSg8hFH-sUKOwkCXQh4e2CAk3WE7S8O8Ou4vz-vfT5uDdwatSSLIV
3654,3644,1759609368,DATA_3654_1759609368_Q5cqFlIvWJmsM5uzQ44fK2BBgtO3dsOtlqXqQfZmp-T14BoJ5hoDXpF3WTuz-8hkn4O3YndBnw2fxfoqAQuX5zOPG9DG5kqgc5X0g11HlsnXLPBLgviZiwp
3654,3645,1759609368,DATA_3654_1759609368_rqTSHbFe69ITeoAl33KvBOCxLNQ0Me44ILKQmPugN2zre0QWrbFtpIe0VuohNgZVrjlSzTyAJmroa7_FWDy-LQzg-cCM8bho-H6yasykSdMsYKyvNku
3653,3646,1759609368,DATA_3653_1759609368_sMhxH0tVw7Eoq3oZX7SF-w1ZdHspPB08NWtVKaq6Vui-mKZ9GrCFb3e5-KiOLWKZs3u
3655,3644,1759609368,DATA_3655_1759609368_tsvnQZHsSfhzUW65ChQNxSYRB6qkrTNY-8-PVH8omdb6zVz23EDoWc5XWj7B3Ia2EZGagCCGfdASy0Ip4
3655,3645,1759609368,DATA_3655_1759609368_1i50_7A6XhiWocIDJ6nbXzIv96eKeNjTvdHtYHnvpKFRmNUvH7LeuTOrNs2r5Z-o2GVPO9_3H
3654,3646,1759609368,DATA_3654_1759609368_RYwmHTmtd-qjqsoGjH-iRh
3656,3644,1759609368,DATA_3656_1759609368_ROoKl_uhAlpabuzhIUjKaCnbVZPdDHpUVRf6QNbQyFqNzdv7xSFMVsnqF2HI9xdSC8MSJoi7tMIgq3bbKgnfMOJREQaBB3TEzgW8I531F-Vv
3656,3645,1759609368,DATA_3656_1759609368_ItRddZYo3H7FyIyozrCyU45pHHmG_tKGbbj4
3655,3646,1759609368,DATA_3655_1759609368_d372kzkaE8LrDeRw7Qaf6GHAqO-Mgg99Y5z8sXWwThbX-sH78ia3oh3Sw3fQXcNvVArBXCyqjNBj6Je2r4tTZlmJcFZzhmj3mO49Qqo04
3657,3644,1759609368,DATA_3657_1759609368_wLBQygcBptF5HH7_a-x6VtCOk3UkMDb8OcMB8oClWHedOZcpYNju7m8fdQDqUemi6zj2blbxt6P7Trks4IazuWT
3657,3645,1759609368,DATA_3657_1759609368_8gsDbx1jjeWPgJjYCMgJzmHgwN7LxzAtTswudlRBDoQjxz8z-c8y
3656,3646,1759609368,DATA_3656_1759609368_Xyy1odtWxG7XQXcpK
3658,3644,1759609368,DATA_3658_1759609368_nW171cdvPBmqmBcT7rPPWz7O7VCprV1SrqNgGrQVs2AS3cmzH1Cdo9rkStN
3658,3645,1759609368,DATA_3658_1759609368_DTyQO9BC9uVpeEHEVIH9YruLnhKDd9FgQ3xe0ygyh2
3657,3646,1759609368,DATA_3657_1759609368_Qt028t0MXcAPFXB4MqV5AGA7dQS55c3JKrAGY0SwQT-Vq
3659,3644,1759609368,DATA_3659_1759609368_CCQutdOzIeJ0UJHMlt-siBJK_0uQi8Nk_dSr7hfD-o4Ux-gWsfCOgLYe-HuhD7GBZYtU5MX50PNlOt76M9IsIhKHo4przvsMHZgBl
3659,3645,1759609368,DATA_3659_1759609368_-6iDPqLNC27NddYg6VlblcMDQ_kCfaefUAijrtwtjs7AJTgDoFeNhqQyp00IOSniTKG_32rbimb
3658,3646,1759609368,DATA_3658_1759609368_N3rjwrpwmHA4A6U3D
3660,3644,1759609368,DATA_3660_1759609368_6ZHH_W05QA2Zs_62GiuvNhe5ulTOm4GgSOnQkbK0bANH-H9Fpr02NSw73DJe7Q_NemeCBo2doEknLis1NgraybVqefIavGnNsFPutFLWJv9VRqKfK159RPnv
3660,3645,1759609368,DATA_3660_1759609368_58vhBNuj4-VhzJpCcRkvbqtShYtD-Jv4FeaGrIpjH_E
3659,3646,1759609368,DATA_3659_1759609368_jDk733rHKrd0sqrXNcC3Mo_Ng_H02KTZO3UFuAN4rqtXUYui0wZBYXO4VVsLf-
3661,3644,1759609368,DATA_3661_1759609368_vJd1xqi25Qk_b6IK3dchn7sc0ptDQdx-mO0X4WOxmywBs4
